mnid,clean_cooking,clean_lighting,div_index,pol_index,new_lu_name,yhat_ols,yhat_fe_div,yhat_fe_both
Phaktanlung Gaunpalika,.047186933,.97459167,.12951645,.25015897,,.17149611,.062666997,-.0075626639
Mikwakhola Gaunpalika,.035294119,.9811765,.3097499,.55115551,,.1901498,.076177992,.046302404
Meringden Gaunpalika,.033898305,.94538605,.13065311,.24756667,,.10744198,.065538898,-.0070378636
Maiwakhola Gaunpalika,.022964509,.95615864,.17344749,.32307401,,.2059668,.052870706,-.0020915789
Aatharai Tribeni Gaunpalika,.034358047,.98191684,.39027181,.65034449,,.22876601,-.019520644,-.010937378
Phungling Municipality,.34956709,.98160172,.50257272,.79675102,,.53737783,.32703111,.32564825
Pathivara Yangwarak Gaunpalika,.024299065,.9813084,.50824517,.83749115,,.27899536,.082138069,.081693977
Sirijanga Gaunpalika,.046901174,.98492461,.56146455,.89359117,,.33434707,.06671261,.074228972
Sidingba Gaunpalika,.025590552,.99212599,.47083265,.82615191,,.20622537,.027272381,.030723674
Bhotkhola Gaunpalika,.03233831,.98507464,.049401492,.096734531,,.055098064,.10894731,.055749305
Makalu Gaunpalika,.091639869,.9356913,.20810516,.38000464,,.19196048,.16711928,.11959999
Silichong Gaunpalika,.019607844,.96666664,.076563276,.14837651,,.074554481,.10529087,.040479973
Chichila Gaunpalika,.064999998,.97500002,.26028663,.44761151,,.19292022,.13719977,.10854471
Sabhapokhari Gaunpalika,.097847357,.95303327,.33184132,.58530772,,.21848297,.1192355,.10316733
Khandabari Municipality,.40967155,.98631388,.50849092,.8057164,,.44156343,.39305189,.40887856
Panchakhapan Municipality,.056213018,.97633135,.54119217,.82944798,,.23790109,.10838475,.1432309
Chainapur Municipality,.12362031,.98344374,.51856256,.86389101,,.26408526,.13101518,.14955314
Madi Municipality,.063227952,.99500829,.60418838,.89255369,,.30106756,.12146689,.14576735
Dharmadevi Municipality,.079295151,.98825258,.55991066,.93905222,,.25968421,.10573168,.12971146
Khumbu Pasanglhamu Gaunpalika,.67704278,.9844358,.1398122,.26468405,,.52204889,.54247516,.48157445
Mahakulung Gaunpalika,.035587188,.9679715,.082548842,.15986195,,.091783091,.11082235,.056028411
Sotang Gaunpalika,.086419754,.97530866,.47960633,.80368191,,.23685643,.15848003,.17414747
Mapya Dudhkoshi Gaunpalika,.061538462,.99145299,.35920158,.61369342,,.19445498,.15875095,.1283707
Thulung Dudhkoshi Gaunpalika,.064032696,.99591279,.51507455,.81337708,,.20117059,.087945573,.087571681
Necha Salyan Gaunpalika,.036630038,.97619045,.56027871,.90623313,,.17625694,.056920599,.077785715
Solu Dhudhakunda Municipality,.26746726,.98034936,.41230997,.68455273,,.44845268,.28238919,.26296189
Likhu Pike Gaunpalika,.017964073,1,.54261744,.95042253,,.18949234,.029272828,.043018438
Chishankhu Gadhi Gaunpalika,.036363635,.98842973,.5662539,.86247748,,.15498586,.0712917,.083893687
Siddhicharan Municipality,.15974441,.98722047,.55230153,.85149735,,.20635681,.13681741,.14739788
Molung Gaunpalika,.071953014,.969163,.5818333,.87908977,,.19990252,.11722849,.1263234
Khiji Demba Gaunpalika,.059870549,.98867315,.34514061,.60159564,,.13416117,.099523365,.074425876
Likhu Gaunpalika,.035714287,.9982993,.6068812,.90362972,,.16139418,.08017423,.091859028
Champadevi Gaunpalika,.073637702,.97938144,.59505081,.91812849,,.14866655,.086954996,.10596362
Sunkoshi Gaunpalika,.064697608,.9943741,.56063527,.92817235,,.13822018,.096234903,.11737337
Manebhanjyang Gaunpalika,.13733333,.99199998,.38391742,.65458596,,.15544111,.15956858,.14964563
Kepilasgadhi Gaunpalika,.052892562,.9801653,.29748532,.5219143,,.13855593,.10474064,.080958918
Aiselukharka Gaunpalika,.036065575,.94098359,.48945442,.82173514,,.1606814,.082906209,.093514659
Rawa Besi Gaunpalika,.055865921,.98324025,.56600076,.83704674,,.17839022,.067577504,.095724173
Halesi Tuwachung Municipality,.10630841,.9813084,.47765693,.77725691,,.1866499,.1342309,.12494775
Diktel Rupakot Majhuwagadhi Municipality,.18771043,.98316497,.55569637,.87283808,,.33199808,.22074141,.21937191
Sakela Gaunpalika,.026748972,.97119343,.54556292,.88676512,,.22660343,.090351872,.08594586
Diprung Chuichumma Gaunpalika,.021341464,.96951222,.58068454,.90812689,,.19293347,.075989448,.081369407
Khotehang Gaunpalika,.045123726,.9708879,.58574283,.86718225,,.20853026,.099101357,.10096698
Jante Dhunga Gaunpalika,.066543438,.96487987,.50468177,.81996822,,.18595378,.13189775,.12707612
Baraha Pokhari Gaunpalika,.069230773,.97692305,.32951558,.57024264,,.10127721,.099367701,.080889918
Shadananda Municipality,.04911181,.98014629,.52831542,.8422302,,.24581476,.088008322,.10424502
Salpa Silichho Gaunpalika,.040280212,.93870401,.43009838,.71853572,,.20352694,.12019946,.12654345
Temkemaiyum Gaunpalika,.036253776,.97129911,.53670555,.80896711,,.24196805,.063062452,.070845723
Bhojpur Municipality,.25109649,.98903507,.48074859,.79523891,,.37495592,.2469164,.24672672
Arun Gaunpalika,.036565978,.98410177,.50101423,.81051153,,.1819654,.066260733,.087707877
Pauwa Dunma Gaunpalika,.042704627,.98754448,.5439406,.87959218,,.22358674,.1035324,.11421358
Ramprasad Rai Gaunpalika,.027777778,.97376543,.44232133,.73781675,,.15313467,.08650551,.096363902
Hatuwagadhi Gaunpalika,.053097345,.94837761,.36887616,.63306117,,.15802759,.11103737,.098941848
Aamchowk Gaunpalika,.028938906,.94212216,.40152353,.68152666,,.15965736,.10044511,.075329274
Mahalaxmi Municipality,.10037175,.99132591,.58672833,.92069513,,.26459557,.11810865,.14023215
Pakhribas Municipality,.1574074,.98809522,.56064934,.89445835,,.29293638,.17544681,.19477415
Chhathar Jorpati Gaunpalika,.23043478,.99130434,.46910146,.81576371,,.26526046,.2094665,.21562026
Dhankuta Municipality,.56887299,.99105543,.54634809,.85602593,,.52137768,.50545555,.52115989
Shahidbhumi Gaunpalika,.18128654,.97660822,.26822001,.47576889,,.11399096,.18546759,.16213444
Sangurigadhi Gaunpalika,.20052083,.98697919,.14178477,.26778567,,.11053649,.1787581,.14017263
Chaubise Gaunpalika,.12760055,.98751736,.33792028,.59083223,,.21163349,.14515343,.12275182
Aatharai Gaunpalika,.046348315,.99016851,.5337221,.84315461,,.33980635,.095152691,.11187831
Phedap Gaunpalika,.048211507,.98755831,.55171907,.887568,,.24306656,.090940602,.094776161
Menchhayayem Gaunpalika,.029776676,.97766751,.5468545,.87389946,,.23951882,.089546353,.096831769
Myanglung Municipality,.32760897,.99207395,.56531417,.86931133,,.46121353,.32209978,.33587256
Laligurans Municipality,.1843318,.99231952,.53992391,.88993323,,.31516424,.19848409,.20337208
Chhathar Gaunpalika,.09149278,.98715889,.52574486,.84023005,,.23734203,.11856532,.12331253
Yangbarak Gaunpalika,.071428575,.99255955,.43620959,.76395911,,.25712404,.090218529,.082405061
Hilihan Gaunpalika,.061307903,.98910081,.52669364,.86102349,,.26648927,.088282339,.1023991
Falelung Gaunpalika,.055045873,.98951507,.32953063,.58405858,,.17324086,.10803905,.080314688
Phidim Municipality,.30577224,.99297971,.40856066,.69473141,,.43345758,.35831383,.34505573
Falgunanda Gaunpalika,.095597483,.98113209,.26343438,.47663915,,.18800549,.15221925,.11689913
Kummayak Gaunpalika,.049235992,.97113752,.51474524,.8223834,,.22325897,.10605308,.1067058
Tumbewa Gaunpalika,.051756006,.97412199,.44312721,.79169405,,.16949315,.08160153,.079502575
Miklajung Gaunpalika,.084054388,.95302844,.30012637,.53278291,,.22348782,.1370087,.10988076
Mai Jogmai Gaunpalika,.079842933,.99345547,.53489953,.91000098,,.24236292,.11288077,.13955508
Sandakpur Gaunpalika,.088495575,.9882006,.28774193,.5391767,,.14571989,.09964402,.073666684
Illam Municipality,.35003796,.99164766,.5698182,.91191578,,.43256602,.35276014,.37351063
Deumai Municipality,.11788618,.99390244,.49784365,.85892272,,.21108125,.083600946,.10237376
Fakfokathum Gaunpalika,.049934298,.98948753,.50763249,.8824923,,.19415396,.071910724,.097316526
Mangsebung Gaunpalika,.06616541,.95488721,.26520568,.4797608,,.1314605,.024691621,-.015049578
Chulachuli Gaunpalika,.41504854,.99150485,.4372814,.72762644,,.18057814,.30063385,.30868429
Mai Municipality,.15984017,.96703297,.45437983,.73613709,,.18583027,.16873755,.18751343
Suryodaya Municipality,.28945455,.99054545,.48554319,.86616194,,.25462574,.23932707,.27372721
Rong Gaunpalika,.20604396,.97802198,.41802689,.69233966,,.1826549,.18478261,.19384748
Mechinagar Municipality,.69241381,.99356323,.71750706,.74762034,,.41974857,.58703595,.6032182
Buddhashanti Gaunpalika,.70500374,.9947722,.65354764,.82350814,,.34657198,.57401681,.59510392
Arjundhara Municipality,.76896149,.9976663,.66488045,.78166759,,.43519172,.66393739,.68304521
Kankai Municipality,.75939852,.99624062,.65813875,.73735404,,.37142113,.64115298,.65495872
Shivasatakshi Municipality,.54025155,.9937107,.70220441,.7810573,,.35012501,.4774279,.4942072
Kamal Gaunpalika,.72372371,.990991,.67720628,.79850912,,.35496119,.57083952,.59158164
Damak Municipality,.90904522,1,.68930733,.76361883,,.63911057,.81664443,.84000701
Gauradaha Municipality,.54711676,.98804504,.66293359,.73528916,,.34236032,.4503195,.45917737
Gauriganj Gaunpalika,.22731614,.96657115,.72455025,.70187128,,.26119357,.22903717,.24862632
Jhapa Gaunpalika,.26628351,.98563218,.76335323,.68138516,,.26716009,.25882408,.27425694
Barhadashi Gaunpalika,.39573678,.98053753,.74105966,.71990687,,.27786782,.36232209,.38275948
Birtamod Municipality,.83036143,.99421686,.71383321,.71415251,,.7244758,.79056144,.80565238
Haldibari Gaunpalika,.50700003,.99199998,.71013737,.77582222,,.30845129,.40846536,.4256708
Bhadrapur Municipality,.68325794,.98383969,.76195085,.68670881,,.38920736,.57174128,.58033717
Kachanakawal Gaunpalika,.20175439,.9868421,.68588477,.7389167,,.25042272,.22299714,.21388006
Miklajung Gaunpalika,.3618677,.99124515,.58437163,.85210043,,.26572713,.30207625,.32761064
Letang Municipality,.46496814,.99090081,.50074983,.79207265,,.27745539,.37608933,.38918963
Kerabari Gaunpalika,.37033492,.97990429,.52857614,.81190228,,.25112695,.27135035,.28886315
Sundarharaicha Municipality,.82480693,.9937259,.68349612,.7572279,,.38349238,.66540033,.6860714
Belbari Municipality,.63002366,.99231678,.72423631,.76699895,,.32377082,.49507472,.521671
Kanepokhari Gaunpalika,.48648649,.98902029,.72247219,.76140267,,.27720752,.40480578,.43023023
Pathari Shanishchare Municipality,.61787075,.99493027,.66295046,.80653173,,.32338688,.4880698,.52100122
Urlabari Municipality,.78104991,.99807936,.69022042,.78503424,,.42372662,.65373498,.67904317
Ratuwamai Municipality,.34283677,.98075551,.78194249,.64330244,,.28953084,.30941191,.3192938
Sunwarshi Municipality,.1580967,.97083652,.79747778,.62084115,,.27402097,.1828917,.18225613
Rangeli Municipality,.26181546,.96174043,.7606684,.67569566,,.27561265,.26339045,.27617899
Gramthan Gaunpalika,.37805983,.98640072,.61831921,.71906972,,.24233174,.31020135,.30375555
Budhiganga Gaunpalika,.55054432,.9867807,.77421331,.65276635,,.38861012,.43519077,.43394113
Biratnagar Metropolitian City,.80547947,.99178082,.77022243,.6535278,,.58219248,.70861733,.7215358
Katahari Gaunpalika,.43734014,.97953963,.76700437,.68586612,,.3323136,.37087291,.3779332
Dhanapalthan Gaunpalika,.0941073,.98153037,.70165819,.77834308,,.25198898,.14805084,.16291764
Jahada Gaunpalika,.066137567,.9559083,.66229671,.81320322,,.21256143,.12889279,.15471014
Dharan Sub-Metropolitian City,.87745297,.99639565,.56539083,.74910629,,.587556,.74398333,.74826723
Barahachhetra Municipality,.47773972,.99257994,.75567698,.66890293,,.28605324,.36319849,.38213596
Koshi Gaunpalika,.081726357,.98255283,.70339352,.77437806,,.24566402,.10482501,.12029129
Bhokraha Narsingh Gaunpalika,.064425774,.98692811,.68722868,.80177361,,.2333473,.12568875,.13021934
Ramdhuni Municipality,.52836639,.98838001,.73682868,.69274098,,.31303111,.45941606,.4595367
Itahari Sub-Metropolitian City,.83321142,.9967081,.75000399,.69437981,,.5982281,.73661536,.74052906
Duhabi Municipality,.44343576,.98463684,.78933465,.62682909,,.44587848,.39842424,.38848427
Gadhi Gaunpalika,.18416031,.97232825,.69124335,.78371781,,.24999264,.20986694,.22142735
Inaruwa Municipality,.44331983,.99325234,.79995942,.61246902,,.37402442,.42352086,.41528901
Harinagar Gaunpalika,.067924529,.99622643,.57267052,.81336486,,.19637874,.12464518,.12789474
Dewangunj Gaunpalika,.081488937,.98591548,.52693963,.72487235,,.19598936,.14334933,.14905672
Barju Gaunpalika,.15254237,.97507477,.72615385,.73173392,,.26595509,.17153414,.19100492
Belaka Municipality,.18332022,.96931553,.68860817,.77234429,,.25609496,.19841328,.21001285
Chaudandigadhi Municipality,.28725037,.97926265,.72175044,.73972231,,.29759744,.24613561,.24183317
Triyuga Municipality,.47853404,.99162304,.75470102,.69814295,,.37831241,.39579377,.37632445
Rautamai Gaunpalika,.10836763,.96707821,.51459962,.79124999,,.20753512,.12121189,.1240283
Limchunbung Gaunpalika,.052410901,.95807129,.46580833,.76758868,,.15214886,.11586285,.1088403
Tapli Gaunpalika,.048648648,.96216214,.4820666,.75841552,,.1533493,.097629145,.10179801
Katari Municipality,.35849056,.98911464,.69057947,.76555657,,.34902179,.32173854,.33078355
Udayapurgadhi Gaunpalika,.081610449,.9804135,.51034075,.78645402,,.17459385,.11491024,.12325329
Saptakoshi Municipality,.2284264,.99111676,.7913866,.64398187,,.28392142,.21391232,.21964273
Kanchanrup Municipality,.19272445,.98452014,.77498627,.66351831,,.29513332,.21365106,.22545381
Agnisair Krishnasabaran Gaunpalika,.12735327,.99224806,.74404949,.69398487,,.2327598,.15840153,.15905474
Rupani Gaunpalika,.11098528,.98980749,.66215795,.789922,,.20719153,.15312797,.17134915
Shambhunath Municipality,.12345679,.98480535,.71690524,.78156859,,.24526444,.16151312,.17404416
Khadak Municipality,.11599006,.99420047,.75468463,.73159903,,.24354187,.15997097,.16020727
Surunga Municipality,.11177474,.98890787,.75460517,.68900663,,.2420613,.14813621,.14541611
Balan-Bihul Gaunpalika,.074509807,.9751634,.57971931,.79566842,,.19079854,.15030809,.16235356
Bode Barsain Municipality,.11051694,.99108732,.64373046,.78667593,,.21387185,.12637644,.13844088
Dakneshwori Municipality,.067484662,.97896582,.69243795,.7707566,,.24668171,.15024003,.16863295
Rajgadh Gaunpalika,.03960396,.95709568,.6902712,.76779586,,.24621394,.11820434,.13206552
Bishnupur Gaunpalika,.12453761,.98643649,.6135661,.76193476,,.22081141,.13877711,.16283795
Rajbiraj Municipality,.46337926,.98839736,.57913721,.73756117,,.28211918,.37847042,.37973949
Mahadewa Gaunpalika,.072892942,.99202734,.69326156,.77811921,,.22508207,.12052864,.14002097
Tirahut Gaunpalika,.066496164,.99104857,.58061719,.88744479,,.18106486,.11187474,.1362768
Hanumannagar Kankalini Municipality,.095762715,.98813558,.59629548,.77864158,,.20754357,.14086276,.15535226
Tilathi Koiladi Gaunpalika,.072131149,.99125683,.6435647,.82788736,,.19820161,.10554475,.11574059
Chhinnamasta Gaunpalika,.065592632,.99424624,.55965585,.78242427,,.19561394,.14752118,.17966227
Lahan Municipality,.3248671,.98523331,.71628541,.72936362,,.28199267,.2879616,.29731289
Dhangadhimai Municipality,.22352941,.98823529,.67568821,.71309638,,.22609349,.23892124,.25455144
Golbazar Municipality,.30398795,.99021822,.69202876,.71290994,,.26357347,.27021366,.28990567
Mirchaiya Municipality,.28582615,.99216914,.59777921,.75799358,,.21922767,.27156714,.29804415
Karjanha Municipality,.28793773,.99319065,.7011528,.7394219,,.21902594,.24874514,.27089968
Kalyanpur Municipality,.24700239,.99280578,.67991418,.76691675,,.22823071,.23420303,.24301215
Naraha Gaunpalika,.098176718,.98597473,.63525444,.78513765,,.28014225,.18851724,.19974804
Bishnupur Gaunpalika,.18904109,.99178082,.4346568,.76360559,,.21694273,.24163574,.24370216
Arnama Gaunpalika,.096692115,1,.62293339,.76836407,,.19952662,.17702538,.18684791
Sukhipur Municipality,.17475729,.99126214,.53935403,.72869527,,.17764319,.19831942,.21026401
Laxmipur Patari Gaunpalika,.14418605,.98720932,.68707246,.78864187,,.20896001,.15816358,.17632809
Sakhuwa Nankarkatti Gaunpalika,.11,.99285716,.55995035,.79076123,,.22559118,.18663174,.18503559
Bhagawanpur Gaunpalika,.095108695,.99728262,.56466967,.78363192,,.18671383,.1344541,.15434517
Nawarajpur Gaunpalika,.044349071,.99284691,.46555132,.72534597,,.16564958,.12424109,.11750506
Bariyarpatti Gaunpalika,.10843374,.9891566,.46967986,.73728842,,.17618065,.18083715,.18021616
Aurahi Gaunpalika,.099876694,.99753392,.41643885,.6928848,,.15000947,.14994581,.14329655
Siraha Municipality,.35705444,.99504948,.58898294,.77828223,,.19621843,.28093454,.28719059
Ganeshman Charnath Municipality,.26635945,.99262673,.68596262,.69972253,,.21120133,.23282279,.25659937
Dhanushadham Municipality,.2589134,.99320883,.64759827,.72350955,,.19926335,.21229145,.24114892
Mithila Municipality,.32882503,.99661875,.64828926,.73935854,,.26543996,.2824164,.29167801
Bateshwor Gaunpalika,.25981057,.9945873,.56605566,.71780574,,.23663579,.25825021,.27409264
Chhireshwornath Municipality,.39679864,.99410278,.61269772,.73370564,,.24892634,.32535267,.33978847
Laxminiya Gaunpalika,.40841866,.98748577,.50999123,.77785444,,.15252754,.29710823,.31247783
Mithila Bihari Municipality,.29051986,.99694192,.61097234,.76433921,,.17233543,.24491897,.25386551
Hansapur Municipality,.22565544,.99625468,.5895294,.79421079,,.18614602,.22476925,.24971668
Sabaila Municipality,.34792808,.99765444,.56212181,.74841452,,.16124642,.27073351,.28773493
Shahidnagar Municipality,.2338843,.99421489,.4716503,.78179651,,.17022432,.2368713,.24611141
Kamala Municipality,.1387337,.99348229,.55563354,.77784157,,.17086759,.1763653,.18584956
Janak Nandini Gaunpalika,.23661271,.9912827,.56068486,.7863059,,.15368196,.21338455,.22354054
Bideha Municipality,.22990844,.9979654,.63142455,.78616709,,.18626617,.21885115,.24387985
Aurahi Gaunpalika,.35685751,.99334222,.47710451,.70988107,,.13268451,.2831237,.3114149
Janakpurdham Sub-Metropolitan City,.72615129,.99506581,.53434545,.72306639,,.41334963,.63039279,.64579982
Dhanauji Gaunpalika,.24686192,.99023712,.65437818,.77493221,,.18245634,.22261994,.24509834
Nagarain Municipality,.30538923,.98303396,.58829147,.77720428,,.21821642,.2731066,.29586816
Mukhiyapatti Musaharmiya Gaunpalika,.23514852,.99381191,.35533187,.60063887,,.093865834,.21380052,.20119309
Bardibas Municipality,.46614069,.99342537,.75508153,.70463622,,.36013889,.39375427,.39551795
Gaushala Municipality,.25679544,.99499285,.61492079,.70886809,,.21297345,.22479618,.24746613
Sonama Gaunpalika,.10010214,.98672116,.41948786,.67149991,,.12917326,.14785066,.14367315
Aurahi Municipality,.21558164,.98505872,.53564548,.78580189,,.17711431,.20508227,.22651707
Bhangaha Municipality,.2025,.98250002,.73395652,.7517181,,.25203347,.21164653,.22612157
Loharpatti Municipality,.31826568,.98985237,.60152477,.81021816,,.18790518,.27247131,.28401899
Balawa Municipality,.27379873,.99546689,.63541579,.79331577,,.18744741,.24081931,.25987965
Ram Gopalpur Municipality,.21262458,.98671097,.70762187,.76702738,,.21468662,.19358861,.20234725
Samsi Gaunpalika,.14782609,.98804349,.63488102,.86484092,,.17018813,.16228056,.16180366
Manara Shisawa Municipality,.25809273,.97550309,.55753958,.73759216,,.15686077,.21570636,.23933601
Ekadara Gaunpalika,.14352942,.97058821,.64617187,.77895075,,.18395376,.17074732,.18384083
Mahottari Gaunpalika,.25903615,.98554218,.59496379,.79736036,,.16385297,.21574655,.25470686
Pipara Gaunpalika,.44217688,.98931003,.60499591,.77393901,,.18179366,.32397589,.34503847
Matihani Municipality,.25137213,.98133922,.69255942,.79872757,,.18736736,.21852559,.24031466
Jaleshwor Municipality,.41322958,.98599219,.60592633,.76670474,,.22922876,.3433125,.35996258
Lalbandi Municipality,.54014087,.99225354,.762119,.67580664,,.31101641,.41256675,.41569576
Hariwan Municipality,.64586848,.98988193,.75844324,.69568294,,.28265259,.46917051,.48311454
Bagmati Municipality,.47895622,.95875418,.69846451,.75523269,,.24045746,.37609267,.39558783
Barahathawa Municipality,.2857143,.99306518,.52077228,.6957792,,.17766868,.24726219,.26775905
Haripur Municipality,.23763336,.98351115,.79379028,.63107604,,.25015852,.21310589,.21685648
Ishworpur Municipality,.24591382,.99479944,.75750607,.64385581,,.23769321,.22117339,.22996272
Haripurwa Municipality,.11122882,.99258476,.49752021,.71412379,,.14096384,.14907511,.15768468
Parsa Gaunpalika,.17403315,.98342544,.55421609,.7338382,,.16848542,.1774576,.1861203
Brahmapuri Gaunpalika,.11750881,.97297299,.5714069,.76794988,,.16342609,.15781508,.16775161
Chandranagar Gaunpalika,.13721186,.98792535,.59549391,.75750196,,.2071131,.16650669,.1846108
Kabilashi Municipality,.19075713,.98721731,.44682184,.70465487,,.13942823,.19385332,.20944841
Chakraghatta Gaunpalika,.16408269,.98062015,.49933547,.73787099,,.1418526,.15933394,.16726644
Basbariya Gaunpalika,.081967212,.98770493,.29386556,.53250486,,.11580892,.14735456,.12963139
Dhanakaul Gaunpalika,.10154241,.9678663,.36699995,.66408628,,.12988505,.14090267,.15009299
Ramnagar Gaunpalika,.13325031,.97509342,.39929682,.69410217,,.12114095,.15561347,.17631797
Balara Municipality,.16316794,.95992368,.42376298,.69085819,,.14002573,.17158978,.19197159
Godaita Municipality,.19195612,.97074956,.4886404,.72384858,,.13827661,.17614873,.19646356
Bishnu Gaunpalika,.22446406,.93820935,.42643157,.71720093,,.1273748,.19341604,.21122555
Kaudena Gaunpalika,.16605166,.96678966,.48936179,.7279253,,.17279346,.18152115,.19310479
Malangawa Municipality,.52972031,.99650347,.50364625,.74570256,,.27585414,.44372028,.44558227
Chandrapur Municipality,.44546649,.99211562,.81390375,.59065938,,.30433458,.36049238,.36326161
Gujara Municipality,.15515696,.9838565,.77447236,.6593172,,.27411777,.19797496,.18101613
Phatuwa Bijayapur Municipality,.25338894,.97810221,.63059884,.72980112,,.19292273,.23275076,.24385454
Katahariya Municipality,.23265307,.98775512,.5477497,.78168052,,.18039095,.20865084,.23576567
Brindaban Municipality,.30550098,.98035365,.60902148,.81388241,,.19956762,.27446207,.2875379
Gadhimai Municipality,.2701613,.99596775,.54581642,.81113851,,.15895982,.22388884,.24435833
Madhav Narayan Municipality,.2171123,.98609626,.36519924,.65440977,,.15687305,.22330219,.22793435
Garuda Municipality,.41290894,.99204242,.47128338,.72817034,,.17332716,.32316336,.32615167
Dewahi Gonahi Municipality,.27408257,.98165137,.5271734,.80778354,,.14164796,.22039773,.23348759
Maulapur Municipality,.25,.98863637,.28786713,.54366791,,.10362249,.23646124,.23665437
Boudhimai Municipality,.35191637,.99303138,.3868407,.65467763,,.11313795,.26664904,.2720536
Paroha Municipality,.20192307,.9476496,.5838834,.91789472,,.16359141,.19675159,.21313776
Rajpur Municipality,.16386969,.97729516,.43085554,.74204922,,.11433104,.17343542,.16274482
Yamunamai Gaunpalika,.17181209,.9771812,.59526759,.91515529,,.18357937,.18912886,.20116657
Durga Bhagawati Gaunpalika,.26850507,.9666183,.46849242,.74608076,,.15517631,.24298663,.26315057
Rajdevi Municipality,.23068051,.95617068,.44323269,.74905849,,.16753183,.21306701,.23909523
Gaur Municipality,.59348738,.99054623,.51656985,.7593146,,.29652476,.5096513,.5539996
Ishanath Municipality,.15852442,.96410769,.58118814,.89592606,,.17261331,.16834906,.19341102
Nijagadh Municipality,.53771758,.99419731,.63553739,.83181578,,.21718802,.39419737,.40680522
Kolhabi Municipality,.21513605,.9872449,.67830223,.70408088,,.22288458,.18030043,.16665851
Jitpur Simara Sub-Metropolitan City,.57952756,.99107611,.83124065,.55470657,,.38201246,.45083919,.43940166
Parawanipur Gaunpalika,.59050447,.99406528,.60329473,.7579118,,.19788305,.36459321,.3724274
Prasauni Gaunpalika,.48958334,.98809522,.60064489,.74133134,,.20265758,.34965596,.37508869
Bishrampur Gaunpalika,.37387386,.98648649,.51349294,.7211954,,.15840524,.26433381,.29825038
Pheta Gaunpalika,.35868007,.99426115,.65483922,.79769957,,.20251706,.27549404,.3027589
Kalaiya Sub-Metropolitian City,.41069397,.98521048,.63096344,.75164974,,.26365927,.33974668,.35357216
Karaiyamai Gaunpalika,.1627907,.98578811,.69852632,.77904475,,.23411432,.1886943,.19829977
Baragadhi Gaunpalika,.11227154,.98302871,.68631846,.8421973,,.20554365,.13888794,.15648924
Aadarsha Kotwal Gaunpalika,.13026316,.98421055,.51784259,.75958079,,.16078085,.14593171,.15910441
Simroungadh Municipality,.23512477,.97120923,.50268507,.76975971,,.16241284,.21450333,.23156944
Pacharauta Municipality,.096774191,.98041475,.57514042,.78047305,,.16556346,.13851768,.15330175
Mahagadhimai Municipality,.32800001,.9768889,.44697109,.65896297,,.14216968,.26573613,.2680746
Devtal Gaunpalika,.28486648,.98071218,.55208248,.73293239,,.16532382,.23650967,.24628326
Subarna Gaunpalika,.15850516,.98067009,.4960463,.77079624,,.12285356,.14202501,.14741635
Thori Gaunpalika,.38280165,.99583912,.56538504,.79672283,,.22405119,.31338465,.31082055
Jirabhawani Gaunpalika,.08168643,.98682475,.68908179,.77481431,,.20213541,.083059177,.074638918
Jagarnathpur Gaunpalika,.23236009,.9817518,.65235394,.78806919,,.18492799,.20313881,.22241637
Paterwa Sugauli Gaunpalika,.13217624,.94793057,.7650128,.6938557,,.24346343,.15254547,.15480758
Sakhuwa Prasauni Gaunpalika,.1659091,.96363634,.76626247,.69375789,,.26428607,.18431339,.18660708
Parsagadhi Municipality,.15800203,.98776758,.79181582,.63374037,,.26191217,.17573483,.17691316
Birgunj Metropolitian City,.76841307,.99164766,.65052098,.73769754,,.45665124,.62318736,.63825125
Bahudarmai Municipality,.39784947,.99569893,.49716637,.69337779,,.1559687,.2958447,.31400758
Pokhariya Municipality,.26364693,.98722416,.5535081,.73711067,,.18018676,.22416633,.24592564
Kalikamai Gaunpalika,.24303405,.99071205,.54045141,.73323929,,.16186106,.20138194,.22656545
Dhobini Gaunpalika,.25760001,.98879999,.55441952,.78491968,,.17398843,.23865896,.24647406
Chhipaharmai Gaunpalika,.32523617,.99055332,.50357789,.75451618,,.1502279,.24252248,.26927316
Pakaha Mainpur Gaunpalika,.23052464,.98887122,.57921463,.75567585,,.17227046,.19888259,.22522756
Bindabasini Gaunpalika,.25075075,.987988,.51027906,.76362252,,.15921296,.20654997,.24373448
Gaurishankar Gaunpalika,.030769231,.99720281,.53247446,.85242623,,.14956953,.072117127,.077068351
Bigu Gaunpalika,.11229946,.99598932,.46448117,.78392178,,.17983024,.13960007,.13646509
Kalinchowk Gaunpalika,.11418685,.99538636,.54552627,.94564766,,.20047154,.16162294,.15933117
Baiteshwor Gaunpalika,.11720698,1,.60743642,.89694345,,.22034936,.17467739,.1797443
Jiri Municipality,.20600858,.99570817,.49725413,.8359493,,.23126845,.23582864,.23426291
Tamakoshi Gaunpalika,.10497238,.99861878,.56267768,.82874233,,.1698176,.14051856,.14355378
Melung Gaunpalika,.054521278,.99734044,.56955081,.92062712,,.15694095,.10874885,.11951516
Shailung Gaunpalika,.088235296,.99744248,.53480279,.90309578,,.17256817,.14873882,.14795484
Bhimeshwor Municipality,.42150912,.99479616,.57458776,.9175483,,.40233013,.44876626,.44305512
Bhotekoshi Gaunpalika,.27803379,.99539173,.43186879,.68589574,,.22324482,.24605091,.23974979
Jugal Gaunpalika,.074277855,.99724895,.27908266,.50613159,,.077861071,.12954369,.095239736
Panchpokhari Thangpal Gaunpalika,.19457547,.99056602,.3783052,.64861983,,.13096707,.21252243,.1991643
Helambu Gaunpalika,.1522911,.99460918,.38906762,.70073766,,.14327054,.18516703,.17359656
Melanchi Municipality,.20792079,.99422443,.59766078,.87674606,,.24700806,.22984426,.23188348
Indrawoti Gaunpalika,.18886463,.99454147,.65856224,.81185782,,.21177319,.21986808,.21491508
Choutara Sangachowkgadhi Municipality,.25262308,.99515736,.54632586,.91872323,,.20954524,.22868127,.24836446
Balephi Gaunpalika,.27755645,.99734396,.572752,.90861046,,.21171506,.24875009,.25886008
Bahrabise Municipality,.24282561,1,.49074829,.83694279,,.22326693,.24530861,.254051
Tripurasundari Gaunpalika,.103125,.99374998,.49148634,.8373453,,.13590679,.11643615,.12027686
Lisankhu Pakhar Gaunpalika,.15658915,.99689925,.32597026,.56379294,,.11268206,.15385568,.12455129
Sunkoshi Gaunpalika,.13333334,.99444443,.60957307,.90182739,,.17293699,.14658625,.16433877
Gosaikunda Gaunpalika,.61283183,.98008847,.15905571,.2914831,,.23752283,.39885074,.36679545
Aamachhodingmo Gaunpalika,.16080402,.9723618,.045770794,.089538597,,.067336641,.21675007,.17882383
Uttargaya Gaunpalika,.40803382,.99577165,.48807117,.84099531,,.1635323,.29275674,.28817695
Kalika Gaunpalika,.3009901,1,.51366889,.8907463,,.17161213,.27058187,.30498022
Naukunda Gaunpalika,.12248629,1,.093096092,.18073772,,.02473083,.16019098,.10815818
Rubi Valley Gaunpalika,.013232514,1,.11856369,.23647849,,.010100698,.064703859,-.0035016655
Khaniyabas Gaunpalika,.052434456,.99625468,.10458896,.20353249,,.00073612877,.066227891,.029743176
Ganga Jamuna Gaunpalika,.14987406,.98992443,.51767808,.82765996,,.13547966,.16716319,.19585207
Tripurasundari Gaunpalika,.43360752,.99647474,.60924375,.90781355,,.21538261,.37458277,.3963747
Netrawati Dabjong Gaunpalika,.21333334,1,.37548587,.63552183,,.11056425,.22457254,.21840271
Nilkhantha Municipality,.55000001,.99333334,.57601941,.83772779,,.38066283,.5052672,.52354193
Jwalamukhi Gaunpalika,.40603247,.99883991,.59418684,.86808914,,.15952441,.35145837,.38385618
Siddhalek Gaunpalika,.37292162,.99524939,.60660183,.87604588,,.1775483,.3189576,.34800532
Benighat Rorang Gaunpalika,.40778688,.9692623,.51364148,.78928894,,.31058145,.35779896,.36550117
Gajuri Gaunpalika,.39739415,.99239957,.57110822,.85410655,,.35207397,.37651497,.39794478
Galchhi Gaunpalika,.37076023,.99649125,.61738425,.8882634,,.2885066,.31843764,.34477025
Thakre Gaunpalika,.40922767,.99297893,.57314605,.91896725,,.2724506,.33034879,.34415573
Dhunibenshi Municipality,.40273395,.99369085,.59407705,.91560823,,.27541521,.34433094,.36126146
Dupcheshwor Gaunpalika,.10115237,.99487835,.27177474,.48819652,,.1025672,.14920332,.12282332
Tadi Gaunpalika,.179676,.98674524,.42893925,.75944459,,.1495447,.17839146,.17135556
Suryagadhi Gaunpalika,.31666666,.9939394,.49973226,.86044645,,.15268031,.27346367,.28250971
Bidur Municipality,.59472591,.99791813,.594028,.89856523,,.37383625,.52386719,.52591556
Kispang Gaunpalika,.24813154,.99701047,.37061831,.65763623,,.12521476,.20865291,.20296517
Myagang Gaunpalika,.26745912,.99851412,.17577142,.32794064,,.06365858,.21513049,.19313881
Tarakeshwor Gaunpalika,.24096386,.99397588,.5771333,.88124931,,.14771499,.22134176,.23741454
Belkotgadhi Municipality,.27364555,1,.55583763,.94771683,,.1918221,.24838789,.25718763
Likhu Gaunpalika,.45912805,.99863762,.56067532,.88738292,,.26270157,.40948942,.42091224
Panchakanya Gaunpalika,.2735849,.99056602,.60509145,.90765303,,.21319407,.23262815,.23885353
Shivapuri Gaunpalika,.094612353,.99868596,.44198716,.76374531,,.15851445,.12501544,.11520895
Kakani Gaunpalika,.3890785,.99658704,.35241663,.63674289,,.14372247,.29506978,.27446461
Shankharapur Municipality,.7248677,.99365079,.47758356,.86860806,,.4194667,.6532504,.64549357
Kageshwori Manahara Municipality,.96393144,.99774569,.52480203,.84613776,,.86468387,1.0282375,1.0147221
Gokarneshwor Municipality,.96942151,.99917358,.54228038,.8668009,,1.093173,1.0633434,1.0620102
Budhanilkhantha Municipality,.97538811,.99810678,.57777131,.91812158,,.9936018,1.0606492,1.0853267
Tokha Municipality,.97121996,.99828178,.56529123,.92836326,,1.0771338,1.0450579,1.0637761
Tarakeshwor Municipality,.98380566,.99878544,.55796021,.93256831,,1.0213341,1.0527101,1.0533831
Nagarjun Municipality,.98311442,.99859285,.57146317,.92365158,,.97554374,1.0204606,1.0406625
Kathmandu Metropolitan City,.98848712,.99205446,.62810493,.85694432,,1.1322855,1.0021274,1.0315928
Kirtipur Municipality,.98759437,.99406689,.59819406,.89409977,,1.0482019,.99848002,1.0099952
Chandragiri Municipality,.97294939,.99694592,.57715178,.91880691,,.87433416,1.0116183,1.0225759
Dakshinkali Municipality,.75501114,.98775053,.51451945,.86886704,,.40026167,.64024895,.64696211
Changunarayan Municipality,.89512897,.99885386,.56275338,.93591148,,.56078017,.79819071,.79400039
Bhaktapur Municipality,.92312425,.999385,.27488208,.48398033,,.616377,.92342293,.8983019
Madhyapur Thimi Municipality,.94846797,.9972145,.57465923,.92022812,,.96780986,1.0182283,1.0312142
Suryabinayak Municipality,.91353714,.99868995,.56177896,.93588543,,.77939671,.94524056,.9422037
Mahalaxmi Municipality,.95734817,1,.61330521,.87814569,,.8151657,1.0613503,1.0623817
Lalitpur Metropolitan City,.95559448,.99795502,.55094975,.82303762,,.87278312,1.0247866,1.0352085
Godawari Municipality,.85489982,.99729294,.52939415,.88621747,,.57074887,.78738379,.79127288
Konjyosom Gaunpalika,.2516129,1,.24713729,.48491436,,.15241918,.24147353,.21865693
Mahankal Gaunpalika,.19178082,.99543381,.51662129,.97516578,,.28186032,.24401353,.2449041
Bagmati Gaunpalika,.15398887,.99072355,.44122043,.8141703,,.16587801,.097451456,.092839465
Chauri Deurali Gaunpalika,.099855281,.9985528,.5821299,.92032599,,.1662408,.1414047,.14828694
Bhumlu Gaunpalika,.16666667,.99311292,.55254519,.90884858,,.18342389,.19482663,.21116154
Mandan Deupur Municipality,.442,.99800003,.63433915,.86364931,,.2413242,.39091015,.39733711
Banepa Municipality,.88110965,.99867898,.54513764,.94858831,,.63870174,.79127556,.78779131
Dhulikhel Municipality,.75954199,.9942748,.57665259,.91421801,,.45383361,.64236557,.64856011
Panchkhal Municipality,.57802403,.9953832,.67591244,.81221133,,.2766301,.4606891,.45557484
Temal Gaunpalika,.20238096,.99867725,.28548929,.50963736,,.042047698,.16212858,.13614143
Namobuddha Municipality,.38110402,.99256903,.54222792,.86411637,,.23301193,.30839348,.31367245
Panauti Municipality,.7015267,.99770993,.55153203,.93920487,,.38414395,.54822677,.5448007
Bethanchowk Gaunpalika,.18702866,.9984917,.44808018,.84091622,,.15517086,.17244034,.16274339
Roshi Gaunpalika,.19486581,.9976663,.3665829,.64061534,,.12014413,.18688893,.1699799
Mahabharat Gaunpalika,.018707482,.99659866,.10538391,.2040979,,.034609053,.078111231,.010275412
Khanikhola Gaunpalika,.062248997,.99397588,.12189306,.23674528,,.076206662,.13799326,.090098053
Umakunda Gaunpalika,.080058224,.99417758,.57938248,.89749068,,.21058223,.11816397,.12572081
Gokulganga Gaunpalika,.10377359,.98921835,.56479841,.9386856,,.18045454,.1202247,.13175881
Likhu Tamakoshi Gaunpalika,.082914576,.99623114,.55717838,.89538646,,.14902754,.11924052,.13620065
Ramechhap Municipality,.11479029,.99227375,.48144105,.77846277,,.1721563,.15567388,.14643021
Manthali  Municipality,.25312239,.99583679,.61227846,.90227044,,.26937357,.25831348,.27417889
Khandadevi Gaunpalika,.091133006,.99384236,.52903175,.86802316,,.16398723,.13471726,.13144931
Doramba Shailung Gaunpalika,.027096774,.99741936,.33330923,.57841647,,.059349846,.07231129,.048367068
Sunapati Gaunpalika,.061870504,.99136692,.47805512,.83692849,,.11835816,.12386045,.11910967
Dudhouli Municipality,.26212937,.98719674,.74089664,.72826511,,.26188055,.25010437,.25234666
Phikkal Gaunpalika,.074433655,.98381877,.60314566,.85829961,,.20730183,.1392616,.15952417
Tinpatan Gaunpalika,.13413413,.991992,.51864588,.79074371,,.16624925,.15609099,.16733523
Golanjor Gaunpalika,.16231087,.99037141,.62306321,.86719304,,.25919396,.2003523,.2166048
Kamalamai Municipality,.53758687,.9898926,.6186561,.8356685,,.38930041,.47917235,.4889358
Sunkoshi Gaunpalika,.20649351,.99610388,.62708563,.87551725,,.2320172,.20869666,.2328051
Ghyanglekha Gaunpalika,.088129498,.97841728,.15270908,.28632602,,.08190167,.1605396,.12124942
Marin Gaunpalika,.24563445,.98603028,.22434166,.4033303,,.1377437,.23740201,.19413273
Hariharpurgaghi Gaunpalika,.11306532,.9723618,.23205504,.4074018,,.099827833,.13448511,.10940216
Indrasarowar Gaunpalika,.22402598,.99675328,.15423191,.29737893,,.10386279,.21515413,.15757908
Thaha Municipality,.39056939,.99555159,.41534987,.75105828,,.21610041,.29723313,.28561983
Kailash Gaunpalika,.10267229,.97046411,.16410452,.30996528,,.069569007,.12803534,.074506178
Raksirang Gaunpalika,.091968909,.95595855,.149712,.28565282,,.060606919,.12084845,.050760195
Manahari Gaunpalika,.58249158,.98905724,.4855558,.81023085,,.26004517,.43667814,.44227079
Hetauda Sub-Metropolitan City,.81704068,.99315327,.60593134,.87667656,,.44289723,.67591405,.67922282
Bhimphedi Gaunpalika,.27249357,.98714656,.40143642,.64213669,,.22583593,.24396047,.22141954
Makawanpurgadhi Gaunpalika,.27238336,.98612863,.44861272,.80288219,,.21281253,.21985155,.22262396
Bakaiya Gaunpalika,.20411985,.98689139,.24321103,.44461423,,.12998453,.21483216,.19789101
Bagmati Gaunpalika,.20650955,.99102134,.15935111,.29576147,,.083443969,.18714823,.12676576
Rapti Municipality,.64072275,.98193192,.60309124,.8347429,,.28649548,.29902342,.31754416
Kalika Municipality,.71394986,.98040754,.60419691,.81014091,,.29965311,.52766418,.54480857
Ichchha Kamana Gaunpalika,.39150402,.96096438,.27310061,.48056751,,.27014846,.33761007,.30462402
Bharatpur Metropolitan City,.89553016,.99740124,.66790521,.79213023,,.61868995,.8510406,.85758078
Ratnanagar Municipality,.86576426,.99774396,.68272775,.75801581,,.44476759,.80123752,.7951771
Khairahani Municipality,.852,.99733335,.71907669,.76275527,,.4271169,.72500229,.72951746
Madi Municipality,.51652175,.97652173,.76042438,.71504956,,.33808947,.36261606,.36394268
Chumanubri Gaunpalika,.089324616,.98474944,.013992449,.027825756,,.046343345,.10409505,.064960435
Ajirkot Gaunpalika,.18153365,.98904538,.55739111,.82993746,,.19783376,.17992005,.18414059
Barpak Sulikot Gaunpalika,.21526197,.98974943,.42624086,.68548161,,.12862049,.17995401,.1696174
Dharche Gaunpalika,.054711245,.99544072,.089117393,.17524496,,.022508439,.11696766,.067142613
Aarughat Gaunpalika,.27450982,.98846596,.53802639,.79884088,,.22901253,.25910199,.27494496
Bhimsenthapa Gaunpalika,.23164557,.99620253,.65042061,.86089456,,.19319196,.20157507,.21652544
Siranchowk Gaunpalika,.2309496,.98593199,.65065861,.86160213,,.22139166,.23766772,.25197783
Palungtar Municipality,.43837881,.98842019,.64628071,.87671447,,.2707217,.35894221,.39335069
Gorkha Municipality,.64586258,.99579245,.67551696,.82411426,,.50928044,.60331851,.60683006
Shahid Lakhan Gaunpalika,.35574839,.99566162,.5008052,.76145637,,.19660781,.31545582,.31412572
Gandaki Gaunpalika,.32727271,.9939394,.53579378,.80171126,,.18104249,.27566046,.28573057
Narpa Bhumi Gaunpalika,.015151516,.95454544,.26817554,.45346308,,.19233565,.081993751,.084025964
Manang Ngisyang Gaunpalika,.34020618,.99484539,.4132964,.62415838,,.49045867,.18328777,.16501589
Chame Gaunpalika,.21935484,.95483869,.56351674,.82875216,,1.0457883,.25357783,.26634178
Nason Gaunpalika,.28488371,1,.12843393,.24491708,,.33595449,.17534347,.12001684
Lo Ghekar Damodarkunda Gaunpalika,.70238096,.95833331,.092240147,.17643492,,.17142871,.45558685,.43118683
Gharpajhong Gaunpalika,.85350317,.97133756,.61698782,.83163875,,1.0318049,.78030378,.79084307
Varagung Muktichhetra Gaunpalika,.65106386,.97446811,.33240429,.56690502,,.60992175,.56238216,.53327155
Lomanthang Gaunpalika,.2596685,.97237569,.16847697,.32832634,,.18712386,.27179018,.24092466
Thasang Gaunpalika,.45914397,.9766537,.5313431,.84695607,,.64642584,.29775035,.31120351
Annapurna Gaunpalika,.26059654,.97174257,.48635921,.74015099,,.33792466,.22102839,.23353013
Raghuganga Gaunpalika,.12409812,.98557001,.65343702,.87535793,,.300051,.12253989,.12176862
Dhawalagiri Gaunpalika,.081355929,.95762712,.63353908,.89393848,,.25081715,.087196738,.077956893
Malika Gaunpalika,.16780354,.97953618,.53345144,.89908969,,.34469616,.20690545,.20015548
Mangala Gaunpalika,.18712574,.99251497,.65303236,.88101834,,.33361182,.23095284,.24066606
Beni Municipality,.46265939,.99089253,.65357733,.86215043,,.64261591,.49166492,.49126309
Madi Gaunpalika,.12554744,.98978102,.65093905,.88747936,,.25056034,.13784054,.15643004
Machhapuchchhre Gaunpalika,.47119817,.98847926,.66658992,.87641788,,.35650527,.40119788,.41569379
Annapurna Gaunpalika,.2895349,.99418604,.66507477,.88244838,,.37311509,.23857115,.25612688
Pokhara Metropolitan City,.91258818,.99529815,.64834362,.85710418,,.84196007,.90014863,.88951302
Rupa Gaunpalika,.26086956,.99844718,.68647027,.81799185,,.269548,.23054558,.24553494
Dordi Gaunpalika,.26344827,1,.44477335,.71532059,,.16192991,.25296211,.24673571
Marshyangdi Gaunpalika,.25686812,.99450547,.54400724,.82387948,,.2352643,.26324499,.26441085
Kwhola Sothar Gaunpalika,.09791667,.99583334,.38258794,.70317978,,.18815807,.12422954,.11126522
Madhya Nepal Municipality,.45833334,.99324322,.66665858,.86432999,,.35845649,.40652436,.42255628
Bensishahar Municipality,.65314567,.99337751,.64628261,.86804628,,.5981245,.64904064,.65216649
Sundarbazar Municipality,.67570281,.99096388,.62788594,.87982088,,.46324015,.6572057,.66841698
Rainas Municipality,.60522878,.99084967,.66459411,.8693701,,.2274915,.49993134,.52404469
Dudhapokhari Gaunpalika,.10474309,.99604744,.34431162,.58949345,,.1124606,.14654899,.11927798
Bhanu Municipality,.51345122,.99615681,.67284989,.83604276,,.30540699,.46266082,.48364237
Byas Municipality,.69618833,.99663675,.64229918,.83110136,,.58279818,.66359067,.666237
Myagde Gaunpalika,.44816053,.99665552,.61181664,.86570489,,.36614028,.4338612,.45552662
Shuklagandaki Municipality,.69300067,.99722803,.64775133,.850595,,.52012444,.627051,.64542162
Bhimad Municipality,.41135457,.99501991,.60431379,.83163047,,.37802261,.4067142,.40887362
Ghiring Gaunpalika,.21374045,.99236643,.47622359,.77147901,,.19049025,.22931316,.2247387
Rhishing Gaunpalika,.17320703,.97970229,.37683728,.63494146,,.18280885,.21157762,.1951708
Devghat Gaunpalika,.43012422,.97515529,.36518386,.64972526,,.24084999,.34227413,.31543621
Bandipur Gaunpalika,.52344739,.99112803,.59619427,.81068045,,.44754264,.49079674,.49446863
Aanbu Khaireni Gaunpalika,.70391703,.99654377,.49393174,.74307036,,.65006673,.70744163,.68737727
Gaidakot Municipality,.85637665,.99761623,.60541224,.84487975,,.56246775,.77017611,.78518909
Bulingtar Gaunpalika,.1009772,.99185669,.38994214,.65676355,,.17307845,.14844412,.14633165
Baudikali Gaunpalika,.20855615,.98573977,.43876055,.70930105,,.2248984,.2442954,.24516091
Hupsekot Gaunpalika,.36050516,.98507464,.46255901,.70557302,,.23516284,.30152684,.29153752
Devchuli Municipality,.81714284,.99571431,.68949634,.7947998,,.4928219,.70745617,.70897555
Kawasoti Municipality,.72521245,.99490082,.73197007,.74959582,,.4941712,.66140079,.65516192
Madhya Bindu Municipality,.46477902,.99171269,.69863021,.78537077,,.34084898,.39618155,.39633286
Binayi Tribeni Gaunpalika,.4930748,.99168974,.61739445,.75692767,,.35845163,.41460276,.41362533
Putalibazar Municipality,.49880287,.99680763,.62829274,.8514154,,.43116826,.45846328,.45149231
Phedikhola Gaunpalika,.33389831,.99830508,.59105384,.8652249,,.2761699,.27966264,.29411727
Aandhikhola Gaunpalika,.19259259,.99407405,.51426977,.83193034,,.20606336,.16686942,.16842309
Arjun Choupari Gaunpalika,.17021276,.99544072,.54273087,.8441059,,.22977114,.19722222,.20180529
Bhirkot Municipality,.359447,.9988479,.64064908,.85763496,,.2968626,.35802075,.36880457
Biruwa Gaunpalika,.16220239,.99851191,.52497655,.82132685,,.23914701,.20278499,.20788696
Harinas Gaunpalika,.1563981,1,.53195113,.78820229,,.18213785,.1891388,.18977527
Chapakot Municipality,.28718534,.99542332,.64991128,.87001514,,.3014521,.29358062,.30724055
Walling Municipality,.52985072,.99925375,.63013816,.88673139,,.49887371,.5121507,.50844496
Galyang Municipality,.25948104,.99600798,.6114924,.90274507,,.32179931,.25846183,.25457823
Kaligandaki Gaunpalika,.13466667,.99866664,.58342654,.86831379,,.25296518,.16187562,.16299222
Modi Gaunpalika,.18260869,.99378884,.60948634,.86638993,,.32374048,.20493017,.21889699
Jaljala Gaunpalika,.36352941,.9929412,.65875518,.86567819,,.44362676,.35935637,.36019042
Kushma Municipality,.43380517,.99500418,.61034429,.85811681,,.51610649,.45199743,.44899389
Phalebas Municipality,.11658654,.99759614,.50671542,.83621985,,.21679378,.15357131,.1513845
Mahashila Gaunpalika,.050660793,.99779737,.64630902,.88535511,,.24672736,.14450034,.15057021
Bihadi Gaunpalika,.06679035,.99072355,.63792014,.86784589,,.23882087,.12251265,.13019058
Paiyu Gaunpalika,.20868114,.99833053,.62718904,.87805182,,.32976982,.24901499,.24215615
Baglung Municipality,.4593496,.9911924,.60966074,.83526266,,.5519793,.48613781,.47008523
Kathekhola Gaunpalika,.057919621,.9893617,.64931965,.89092046,,.24772698,.11048216,.1203928
Tarakhola Gaunpalika,.040816326,.99591839,.58504033,.85126567,,.23776317,.11095149,.11225498
Tamankhola Gaunpalika,.064761907,.98476189,.523175,.96008152,,.25162166,.12441171,.12552708
Dhorpatan Municipality,.29132232,.98243803,.65567929,.87665921,,.44036633,.33077261,.32223946
Nisikhola Gaunpalika,.069174759,.967233,.6639632,.88675153,,.25058573,.12713642,.12961584
Badigad Gaunpalika,.11597374,.98358864,.56365776,.82824624,,.26028642,.15816854,.15135054
Galkot Municipality,.23427992,.99797159,.65593404,.88120294,,.39142942,.23984012,.24348074
Bareng Gaunpalika,.069395021,.9822064,.65761572,.86852974,,.28469452,.12657642,.13047878
Jaimini Municipality,.073993474,.99673557,.66495967,.8855297,,.27504253,.13888893,.14691126
Putha Uttanganga Gaunpalika,.033898305,.99293786,.59319907,.87354392,,.22509328,.12915039,.12434713
Sisne Gaunpalika,.14468086,.98014182,.59063822,.87467635,,.27196664,.18274003,.19295678
Bhoome Gaunpalika,.021520803,.98708749,.44984916,.74974293,,.17433059,.10723682,.090062566
Sunchhahari Gaunpalika,.033175357,.94470775,.42873532,.71458024,,.16415389,.1292005,.11209347
Thawang Gaunpalika,.081081077,.99227798,.25623074,.49038929,,.1506037,.16802675,.13964254
Pariwartan Gaunpalika,.045822103,.99865228,.58341962,.90377277,,.23256204,.11808242,.10277833
Gangadev Gaunpalika,.051460363,.97774684,.37956285,.64097041,,.16458808,.14620352,.11636519
Madi Gaunpalika,.05652174,.99420291,.58108741,.85411102,,.26165619,.1461456,.12445969
Tribeni Gaunpalika,.058603492,.99002492,.6407128,.89297009,,.25724107,.09783721,.083404072
Rolpa Municipality,.19716981,.97735852,.62869042,.89515316,,.42549613,.27705389,.2653434
Runtigadhi Gaunpalika,.067738235,.9747417,.64176029,.8927803,,.25604591,.12596089,.11979893
Sunil Smriti Gaunpalika,.10481283,.98395723,.64664495,.8855232,,.30788964,.2125265,.20622453
Lungri Gaunpalika,.091245376,.9617756,.60557103,.89179146,,.18724947,.17205819,.15323792
Gaumukhi Gaunpalika,.066991471,.95371497,.66016006,.88682115,,.23218861,.11703529,.11974733
Naubahini Gaunpalika,.082714744,.97136796,.63627839,.87751806,,.23317719,.15435325,.15251808
Jhimaruk Gaunpalika,.062360801,.9855234,.53522104,.82296801,,.1999774,.14047322,.13955233
Pyuthan Municipality,.22331691,.99261081,.64380503,.86605495,,.32972306,.28132683,.28979176
Sworgadwari Municipality,.10078278,.98630136,.63563871,.88977176,,.25460029,.16448583,.16396202
Mandavi Gaunpalika,.099085368,.99847561,.62673771,.89045101,,.27846217,.17001395,.1677411
Mallarani Gaunpalika,.10853835,.98697537,.66890442,.85941005,,.27849099,.166967,.17710996
Aairawati Gaunpalika,.044871796,.98974359,.63525295,.88839149,,.22086124,.10898226,.12271975
Sarumarani Gaunpalika,.1388889,.99722224,.49217916,.74866563,,.23337907,.14699668,.14708515
Kali Gandaki Gaunpalika,.11864407,1,.62402725,.87274092,,.2445536,.14525087,.14621332
Satyawoti Gaunpalika,.10969388,.99489796,.64336693,.88964713,,.26795962,.12810819,.1371052
Chandrakot Gaunpalika,.18264249,.98704666,.6664955,.87051302,,.32265487,.1960358,.20158781
Musikot Municipality,.092651755,.98935038,.64430362,.88234556,,.26358232,.12653431,.13749522
Isma Gaunpalika,.035019454,.9922179,.61932904,.87938809,,.19194587,.092817433,.10277463
Malika Gaunpalika,.050568901,.98862201,.64799619,.88422501,,.22274958,.12248023,.12593794
Madane Gaunpalika,.046776231,.99115044,.51091588,.82483953,,.22731757,.14606887,.14063001
Dhurkot Gaunpalika,.039850559,.99501866,.61769539,.87410617,,.20184609,.10894343,.11939768
Resunga Municipality,.43137255,.99533147,.59563082,.83836585,,.55208164,.46119106,.44844118
Gulmi Durbar Gaunpalika,.06818182,.99873739,.61068273,.9084006,,.19820577,.092800744,.098537907
Chhatrakot Gaunpalika,.10288582,.99623591,.64446676,.88914162,,.22765389,.11803241,.12406613
Ruruchhetra Gaunpalika,.19047619,.99319726,.64136553,.87947315,,.31429026,.20075278,.21213236
Chhatradev Gaunpalika,.02978236,.99770904,.59559739,.82185715,,.19385555,.093773901,.09531913
Malarani Gaunpalika,.028384279,.99563318,.60329574,.86985731,,.18243799,.078744099,.076890729
Bhumikasthan Municipality,.029381966,.99392098,.64965332,.88514143,,.2111392,.099950664,.11039403
Sandhikharka Municipality,.31940064,.9960568,.59800988,.83016688,,.46148133,.36421376,.36322576
Panini Gaunpalika,.03690888,.99423301,.65192139,.8786552,,.24457891,.10898115,.11119688
Shitaganga Municipality,.061650045,.96554852,.64805728,.88008261,,.27303177,.11693364,.1198251
Rampur Municipality,.56979591,.99591839,.63589394,.86013001,,.45935631,.54950851,.55604452
Purbakhola Gaunpalika,.19158201,.99709725,.28361204,.50175196,,.17000164,.20986736,.17287578
Rambha Gaunpalika,.1884253,.99596232,.46883559,.73671728,,.20373957,.19439889,.18917048
Baganaskali Gaunpalika,.16666667,.99871796,.56975245,.87625194,,.21547142,.17550161,.17105477
Tansen Municipality,.62879324,.99576569,.62510574,.87420881,,.72176379,.67524993,.64668947
Ribdikot Gaunpalika,.14545454,.99720281,.60516357,.86281413,,.23735762,.15762857,.16254304
Rainadevi Chhahara Gaunpalika,.10204082,.99546486,.55140334,.82971841,,.22067852,.1470968,.14110434
Tinau Gaunpalika,.2025862,.99425286,.35051706,.60127759,,.21215846,.21165761,.19898903
Mathagadhi Gaunpalika,.26278239,.99643284,.32075813,.55296499,,.19206502,.26058498,.24065658
Nisdi Gaunpalika,.15584415,.99278498,.24392961,.44286191,,.13179022,.166922,.14478494
Bardaghat Municipality,.70025033,.99186486,.77788538,.65316683,,.40282482,.59267998,.58649272
Sunawal Municipality,.69250643,.99483204,.73551923,.70688295,,.3926585,.57274431,.58146542
Ramgram Municipality,.62839878,.98867071,.70794827,.71389663,,.30871764,.48824707,.50435597
Palhinandan Gaunpalika,.51633298,.9905163,.64953256,.76226628,,.2069782,.35885966,.38964653
Sarawal Gaunpalika,.46226415,.97830188,.7457974,.70568883,,.27007467,.361541,.35766348
Pratapapur Gaunpalika,.42067736,.97593582,.65093744,.7484625,,.23219693,.33621836,.35894608
Susta Gaunpalika,.33267328,.97128713,.74259418,.68246526,,.25912794,.28263658,.30223444
Devdaha Municipality,.76181227,.99805826,.76594007,.66625655,,.45475012,.64911807,.6551199
Butwal Sub-Metropolitan City,.94640905,.99781263,.68110424,.76711637,,.8260479,.97010207,.95475382
Sainamaina Municipality,.75834852,.99878567,.67617071,.75454736,,.41293848,.6248771,.62409323
Kanchan Gaunpalika,.6037575,.99743807,.74973369,.71285623,,.34410703,.49791452,.49889243
Gaidahawa Gaunpalika,.35413006,.95694202,.64992839,.7092551,,.2329988,.31212991,.33808708
Suddhodhan Gaunpalika,.60947865,.99336493,.76171213,.68249351,,.33905208,.53874832,.53806359
Siyari Gaunpalika,.63265306,.99257886,.76674074,.65560871,,.34196952,.52851582,.53749967
Tilottama Municipality,.92354739,.99781567,.67259121,.75135779,,.53129399,.83438987,.83912981
Om Satiya Gaunpalika,.77416176,.99211043,.74129206,.65611368,,.3648167,.60377949,.61495847
Rohini Gaunpalika,.61641026,.97641027,.68383604,.76403642,,.24576019,.4449423,.4639937
Siddharthanagar Municipality,.9313392,.99320191,.7698471,.65813476,,.61255431,.85069293,.87877595
Mayadevi Gaunpalika,.49081364,.95713037,.51082379,.67486405,,.24429436,.41247675,.43631104
Lumbini Sanskritik Municipality,.48150888,.95931953,.63025308,.85391474,,.22678536,.37182388,.39199597
Kotahimai Gaunpalika,.35318276,.93839836,.46175945,.71757293,,.15538657,.29286605,.31577408
Sammarimai Gaunpalika,.31899264,.93809026,.53372103,.78244925,,.16757977,.26814127,.28948718
Marchawari Gaunpalika,.23250808,.92787945,.41865402,.68127501,,.13111202,.22066179,.24354321
Banganga Municipality,.60671067,.99559957,.70934755,.75921178,,.38156697,.53870231,.52818382
Buddhabhumi Municipality,.30179557,.97582871,.79271889,.62520772,,.32694089,.30812365,.29632294
Shivaraj Municipality,.42560321,.98190349,.82590002,.55580658,,.34814021,.37369731,.35686311
Bijayanagar Gaunpalika,.14270501,.90947819,.75264078,.64391458,,.23785803,.17832214,.18834557
Krishnanagar Municipality,.34292972,.91955972,.61422968,.80576319,,.22178777,.29872912,.32354537
Maharajganj Municipality,.20726307,.92736936,.57309633,.82237893,,.16246295,.20692296,.23205045
Kapilbastu Municipality,.46758622,.96551722,.67783594,.71538842,,.26811051,.38888299,.41158274
Yasodhara Gaunpalika,.35546038,.95931476,.61192691,.8324337,,.16660447,.28669825,.31800076
Mayadevi Gaunpalika,.42348412,.97401345,.62288016,.88194114,,.19743173,.3246063,.35532033
Shuddhodhan Gaunpalika,.33173996,.93785852,.6391421,.78363204,,.19916469,.27036068,.29768363
Bangalachuli Gaunpalika,.056338027,.96158773,.63089108,.88570899,,.2464176,.13182208,.12932949
Ghorahi Sub-Metropolitan City,.55310547,.98603457,.7378118,.71925497,,.47503921,.50789559,.49078372
Tulsipur Sub-Metropolitan City,.52873564,.99157089,.64601082,.76478881,,.43051535,.48384383,.46779355
Shantinagar Gaunpalika,.12055974,.98493004,.66318572,.7592777,,.25622696,.16473794,.15172693
Babai Gaunpalika,.14491265,.96813977,.57715738,.80463266,,.25081113,.18649298,.18235686
Dangisharan Gaunpalika,.18052256,.97743469,.63115382,.86810672,,.2410309,.1056733,.10843821
Lamahi Municipality,.60579067,.99480325,.61900479,.79553902,,.35775563,.50921005,.50355804
Rapti Gaunpalika,.62779552,.985623,.6928677,.79003936,,.327048,.53299069,.52848166
Gadhawa Gaunpalika,.35877192,.99298245,.74540055,.68125856,,.2761679,.29149628,.28369969
Rajpur Gaunpalika,.12841855,.96195006,.80098069,.62884259,,.30179727,.18068242,.17258812
Rapti Sonari Gaunpalika,.13314646,.96566224,.6673131,.75626111,,.25342566,.17013454,.15938812
Kohalpur Municipality,.7520259,.99675852,.68370861,.7229436,,.43376744,.6148929,.623703
Baijanath Gaunpalika,.60252154,.99601859,.70043784,.77880776,,.28855839,.44240528,.43753949
Khajura Gaunpalika,.5143277,.98457015,.80009449,.6122818,,.29493847,.41024318,.38519624
Janaki Gaunpalika,.50609183,.95032805,.72184908,.70534748,,.3090854,.39856526,.41931877
Nepalganj Sub-Metropolitan City,.78159893,.97945511,.79895729,.6144281,,.58286518,.68002129,.67918372
Duduwa Gaunpalika,.17490119,.90415019,.73838174,.69490296,,.24862769,.18694079,.1919861
Narainapur Gaunpalika,.046021093,.94726747,.63834053,.82771051,,.20255528,.1352178,.13842827
Bansgadhi Municipality,.34588563,.98675036,.67632979,.8039552,,.27053183,.31881413,.31657425
Barbardiya Municipality,.26950818,.97573769,.4378871,.68572932,,.1739836,.25765762,.26162565
Thakurbaba Municipality,.32061687,.9918831,.58133012,.85509533,,.25244081,.29932213,.29792532
Geruwa Gaunpalika,.39354187,.99394554,.50092429,.77072197,,.18792513,.3606275,.35551709
Rajapur Municipality,.44509947,.98820931,.35828331,.57485116,,.15770191,.35400707,.34572366
Madhuwan Municipality,.37800154,.97443843,.69391125,.78548235,,.27381596,.33834592,.34632659
Gulariya Municipality,.30899256,.93914807,.80218941,.60171527,,.31680387,.30302775,.28278026
Badhaiyatal Gaunpalika,.47878787,.96515149,.75351661,.68882066,,.26501313,.39236718,.38897198
Dolpo Buddha Gaunpalika,.010471204,.98429322,.013437171,.026874337,,-.001962858,.065948799,.035948202
Shey Phoksundo Gaunpalika,.011538462,.98461539,.044459995,.087806821,,.0030315584,.026297817,-.034061432
Jagadulla Gaunpalika,.039215688,.97549021,.57963139,.8693043,,.26390478,.10167097,.089645587
Mudkechula Gaunpalika,.015527951,.98447204,.41749021,.76737732,,.20846842,.082948789,.070581347
Tripurasundari Municipality,.078095235,.99619049,.43942928,.70982599,,.21709307,.11924262,.10068659
Thulibheri Municipality,.1557377,.99795079,.2883743,.53059834,,.3958419,.1730914,.15308058
Kaike Gaunpalika,.033210333,.98892987,.27405927,.49334794,,.11417824,.044636779,.015996026
Chharka Tangsong Gaunpalika,.060606062,1,.03617508,.071138993,,.033915292,.11469057,.060765117
Mugumakarmarog Gaunpalika,.037037037,.99715102,.50453997,.83676142,,.24233983,.15031873,.17086704
Chhayanath Rara Municipality,.17562254,.97247708,.41930553,.78175503,,.30583683,.2192529,.19844405
Soru Gaunpalika,.032818533,.99227798,.30967823,.59112018,,.15468858,.098490365,.07258001
Khatyad Gaunpalika,.051199999,.95200002,.40008807,.79373074,,.19816095,.14995356,.13522866
Chankheli Gaunpalika,.0031055901,.98136646,.38949075,.65064389,,.12492474,.044458933,.020093082
Kharpunath Gaunpalika,.010989011,.98076922,.5082733,.73625869,,.18397361,.073322058,.050049402
Simkot Gaunpalika,.014414415,.97657657,.56965572,.85732543,,.4303605,.12844443,.12028839
Namkha Gaunpalika,.015384615,.98461539,.19591181,.3852348,,.1045532,.092025369,.10598877
Sarkegad Gaunpalika,.014767933,.9662447,.46701047,.74410731,,.17057951,.096322328,.079161815
Adanchuli Gaunpalika,.013550135,.8888889,.52734154,.84755427,,.1746242,.090308219,.090396442
Tanjakot Gaunpalika,.037854891,.96214509,.39422888,.77077633,,.13027032,.063081257,.061737612
Patarasi Gaunpalika,.0098846788,1,.21646126,.40227398,,.10020388,.082228452,.057696652
Kanaka Sundari Gaunpalika,.044280443,.99261993,.36676592,.69259381,,.18995434,.11483447,.12452381
Sinja Gaunpalika,.042682927,.98780489,.31109706,.60300773,,.12683439,.086310573,.060048562
Chandannath Municipality,.32833958,.9975031,.44945925,.7253899,,.465689,.3492029,.3350656
Guthichaur Gaunpalika,.017857144,.99206346,.35189921,.65166837,,.16298567,.082289949,.067093976
Tatopani Gaunpalika,.023140496,.98677689,.36506146,.70843852,,.14435928,.083560906,.063357867
Tila Gaunpalika,.020715632,.98305082,.26053703,.51732177,,.11989727,.086730726,.075081483
Hima Gaunpalika,.0042735045,.99358976,.28581357,.56970114,,.11962589,.077099465,.046592314
Palata Gaunpalika,.047272727,.96909094,.39142564,.78071702,,.15228666,.11791312,.1041535
Pachal Jharana Gaunpalika,.070422538,.99597585,.42441511,.79510254,,.15393913,.11717932,.1183371
Raskot Municipality,.057627119,.96779662,.50586832,.91443461,,.19547045,.10621584,.12573625
Sanni Tribeni Gaunpalika,.035928145,.96606785,.43329898,.85353112,,.14830564,.071795501,.08037582
Naraharinath Gaunpalika,.066951565,.99430197,.45682883,.90103805,,.17561443,.12169193,.12919936
Khandachakra Municipality,.21491228,.99122804,.44874719,.89337003,,.26689672,.18992281,.19871829
Tilagupha Municipality,.080204777,.96416384,.31521311,.62673789,,.15821503,.10530957,.084422059
Mahawai Gaunpalika,.046272494,.92802054,.29045182,.55553579,,.14888716,.11369231,.080315895
Shuva Kalika Gaunpalika,.035120148,.97042513,.485324,.83731133,,.17501119,.096813932,.099115387
Naumule Gaunpalika,.063037246,.97277939,.64694732,.88906443,,.26037583,.11528537,.12017972
Mahabu Gaunpalika,.089153044,.96433878,.6091792,.86237603,,.20641288,.13815591,.15359829
Bhairabi Gaunpalika,.11095306,.97439545,.51023954,.82855946,,.18860224,.14541751,.15900166
Thantikandh Gaunpalika,.036363635,.96515149,.4847827,.85244155,,.16780895,.12201534,.11376797
Aathbis Municipality,.095953755,.94104046,.55787659,.88736349,,.21114363,.13752981,.14391643
Chamunda Bindrasaini Municipality,.071794875,.97435898,.52568519,.88444167,,.18386197,.14002573,.15313642
Dullu Municipality,.065923862,.97214484,.45072341,.84291536,,.16639201,.11764783,.12417866
Narayan Municipality,.28715083,.96983242,.57321721,.8582015,,.39779201,.32601893,.32553139
Bhagawatimai Gaunpalika,.041269843,.97460318,.47865185,.91035008,,.18491897,.1048931,.10968944
Dungeshwor Gaunpalika,.087804876,.97398376,.60403496,.86027777,,.23527214,.1127108,.11916533
Gurans Gaunpalika,.077134989,.9710744,.5149135,.81330585,,.20991932,.13751347,.13752641
Barekot Gaunpalika,.048120301,.93984962,.4874953,.81716281,,.19686018,.14428413,.13342573
Kuse Gaunpalika,.064425774,.96918768,.46900168,.80955029,,.18063983,.11729511,.12121352
Junichande Gaunpalika,.052706555,.91595441,.49575704,.85758716,,.17654864,.12737338,.12830232
Chhedagad Municipality,.061181433,.96097046,.51028472,.86148822,,.20431407,.1250554,.12572208
Shivalaya Gaunpalika,.0989011,.98351645,.3857052,.69528937,,.21606475,.16325745,.14673121
Bheri Municipality,.17669173,.96428573,.59463465,.88462228,,.33429751,.23222777,.23132004
Nalgad Municipality,.084507041,.93075114,.61216021,.87692487,,.2864821,.15146585,.14536923
Aathabisakot Municipality,.048304215,.96505654,.57885164,.87279814,,.23553281,.11099922,.10416661
Sanibheri Gaunpalika,.055415615,.98866498,.51602161,.79384989,,.20917363,.13564621,.12085277
Banphikot Gaunpalika,.032742154,.98362893,.45764992,.74622864,,.19644994,.10910456,.098626807
Musikot Municipality,.24881291,.99335235,.52948493,.80470943,,.40482622,.29106757,.27647424
Tribeni Gaunpalika,.080851063,.98014182,.45570254,.7249791,,.23888607,.16705623,.14817683
Chaurjahari Municipality,.099020675,.99129486,.54593766,.8149811,,.26474276,.16808116,.1673927
Darma Gaunpalika,.02991453,.98148149,.36019647,.70400554,,.16932566,.12867725,.10470822
Kumakh Gaunpalika,.067650676,.99015993,.4088569,.68460751,,.15828463,.12117647,.10217716
Banagad Kupinde Municipality,.1026971,.97821575,.59262687,.85429466,,.25948009,.14589016,.13614345
Siddha Kumakh Gaunpalika,.051878355,.97495526,.27192938,.5054419,,.11391687,.10982794,.090728603
Bagachour Municipality,.081443302,.98762888,.33483517,.59199011,,.17872848,.1513322,.11857655
Chhatreshwori Gaunpalika,.078005113,.97314578,.52430809,.78742677,,.22044402,.13931596,.12807569
Sharada Municipality,.24319249,.98122066,.35340688,.60257357,,.27559596,.25993302,.23678148
Kalimati Gaunpalika,.045513652,.96098828,.60368353,.90180182,,.24698082,.11125676,.10641456
Tribeni Gaunpalika,.066957787,.95924306,.53720772,.84787452,,.2334349,.13962682,.12388112
Kapurkot Gaunpalika,.051928785,.96884274,.60446483,.89292556,,.26805118,.12268505,.12448876
Simta Gaunpalika,.12121212,.98601401,.54817021,.86603057,,.21494518,.16616912,.1669516
Chingad Gaunpalika,.094527364,.97346598,.47500843,.74385005,,.21393776,.14857663,.13343285
Lekabeshi Municipality,.10777202,.97305697,.61983186,.87999105,,.26882041,.13584581,.13471636
Gurbhakot Municipality,.19951923,.98717946,.66314811,.88721913,,.28010476,.21070823,.20717423
Bheriganga Municipality,.24817519,.97810221,.59095103,.88367277,,.28070074,.23863985,.24281977
Birendranagar Municipality,.77426159,.99367088,.55655426,.76235259,,.55686641,.67273712,.65326041
Barahatal Gaunpalika,.054147467,.95161289,.6650241,.88832027,,.26305205,.1224236,.13017435
Panchapuri Municipality,.096774191,.96975809,.6098969,.88387948,,.24103062,.13219011,.14233638
Chaukune Gaunpalika,.047559448,.97496873,.63809985,.88973033,,.23458022,.10956196,.10693486
Himali Gaunpalika,.035955057,.97078651,.2896204,.55371743,,.096923165,.054981768,.031852353
Gaumul Gaunpalika,.0074257427,1,.27648008,.55296022,,.14160508,.094285443,.086348206
Budhinanda Municipality,.12626995,.92743105,.48015016,.84433335,,.22375268,.14343351,.14976975
Swamikartik Khapar Gaunpalika,.032323234,.9878788,.47618037,.94091082,,.14757685,.084688462,.096630022
Jagannath Gaunpalika,.059360731,.99543381,.45486152,.90488863,,.16276866,.061676756,.079641186
Badimalika Municipality,.24264705,.97500002,.38692415,.71983087,,.41515103,.23104103,.21997941
Khaptad Chhededaha Gaunpalika,.017350158,.97160882,.27949715,.55899423,,.10213333,.10137351,.072909676
Budhiganga Municipality,.086419754,.99039781,.49954182,.92525166,,.1976075,.10608709,.12642539
Tribeni Municipality,.032608695,.95807451,.36070681,.72141361,,.12316269,.11305047,.10325006
Saipal Gaunpalika,0,1,.24183641,.43520868,,.12466948,.0094005456,-.0089155184
Bungal Municipality,.031638417,.98644066,.23359536,.46719062,,.11412304,.10485494,.079372711
Surma Gaunpalika,.011848342,.87203789,.31940064,.6380496,,.143308,.091141164,.094975553
Talkot Gaunpalika,.027196653,.99581587,.29218757,.57306099,,.12252729,.074254908,.059525482
Masta Gaunpalika,.003875969,.96317828,.2199457,.43989143,,.072952293,.073162161,.039416753
Jayaprithbi Municipality,.28088427,.97399217,.32950568,.61903954,,.31680408,.28997985,.26382476
Chhabis Pathibhara Gaunpalika,.053633217,.9930796,.2156413,.42987156,,.098356791,.12056623,.085378446
Durgathali Gaunpalika,.045977011,.98275864,.24549055,.4865413,,.078711458,.07429821,.037659556
Kedarsyun Gaunpalika,.082386367,.98579544,.28221369,.5552423,,.17797343,.1474231,.1219083
Bitthadchir Gaunpalika,.039451115,.98799312,.20979534,.41423666,,.089887604,.086489707,.054262213
Thalara Gaunpalika,.016286645,.88436484,.35845351,.71690702,,.10387659,.077612832,.06005545
Khaptad Chhanna Gaunpalika,.029209621,.96735394,.30826685,.61504507,,.095304705,.083089188,.067125812
Byas Gaunpalika,.032258064,.94838709,.27371436,.49380818,,.14274697,.098785624,.083468333
Duhun Gaunpalika,.029598309,.97885835,.21782377,.43504617,,.10013158,.10675745,.058510028
Mahakali Municipality,.50819671,.99765807,.31768364,.57200527,,.46807298,.47351763,.42874762
Naugad  Gaunpalika,.02112676,.89084506,.22470157,.43804145,,.10751402,.081181474,.071731932
Apihimal Gaunpalika,.031518623,.98280799,.13894711,.27098325,,.096254393,.050828427,.039421193
Marma Gaunpalika,.088850178,.98606271,.21003722,.39119735,,.1336889,.14055037,.11220537
Shailyashikhar Municipality,.12845305,.96270716,.27360481,.53604972,,.14397189,.12428186,.094486713
Malikarjun Gaunpalika,.033840947,.97800338,.30114913,.59866649,,.11882682,.090990476,.084181286
Lekam Gaunpalika,.047120418,.98080277,.23023497,.46046993,,.10999241,.10809536,.066099606
Dilasaini Gaunpalika,.046961326,.96685082,.27656168,.55268222,,.1126417,.076370023,.046526089
Dogada Kedar Gaunpalika,.0094722603,.97023004,.3705478,.7404744,,.14622796,.090228781,.067538217
Puchaundi Municipality,.020127119,.98411018,.29230484,.58392233,,.12125733,.07570675,.040438756
Surnaya Gaunpalika,.016819572,.98165137,.27176043,.54037684,,.10172565,.067894228,.028630946
Dasharathchand Municipality,.14767933,.97995782,.42616144,.81650585,,.23003554,.16999002,.17427759
Pancheshwor Gaunpalika,.037914693,.98578197,.45466655,.906744,,.17279074,.11088923,.11899554
Shivanath Gaunpalika,.022653721,.99676377,.34960872,.69796908,,.14251395,.11013737,.092668675
Melauli Municipality,.034387894,.97248966,.41105321,.82057714,,.17679207,.11851873,.1143854
Patan Municipality,.068539329,.98089886,.29471022,.58297169,,.16301204,.12178155,.087295987
Sigas Gaunpalika,.020408163,.96938777,.31146657,.62190151,,.13114013,.094814472,.080103084
Nawadurga Gaunpalika,.047954865,.96755993,.46718433,.91603601,,.15373738,.10014207,.11189364
Amargadhi Municipality,.39700806,.98504025,.46203461,.8062188,,.47883081,.37609783,.37141541
Ajayameru Gaunpalika,.029032258,.97580647,.33271131,.66171962,,.13261172,.079584166,.055849921
Bhageshwor Gaunpalika,.03846154,.95421243,.46082121,.80637425,,.23150504,.12587859,.13085879
Parashuram Municipality,.072463766,.95134574,.36590797,.63218564,,.18894199,.12036896,.10157157
Aalital Gaunpalika,.075851396,.95975232,.50815016,.78532785,,.24246338,.13412593,.12885775
Ganyapdhura Gaunpalika,.048172757,.97176081,.4664515,.87634903,,.15310526,.10001899,.10427926
Purbichouki Gaunpalika,.053639848,.97573435,.39294496,.75183743,,.1352942,.11005689,.092688836
Sayal Gaunpalika,.022955524,.8321377,.36833084,.70587522,,.11913708,.091823511,.065015398
Aadarsha Gaunpalika,.025031289,.95994991,.36588028,.70999569,,.11158996,.090164579,.063876159
Shikhar Municipality,.071734473,.95074946,.41861373,.82617116,,.14480723,.12318938,.11920661
Dipayal Silgadhi Municipality,.35038611,.9758687,.43231589,.75887495,,.40645871,.39755154,.3826443
K.I. Singh Gaunpalika,.014864865,.9756757,.47087491,.86334908,,.15463896,.097709082,.095786296
Bogatan Phudsil Gaunpalika,.027164686,.96604413,.41248044,.70846725,,.14472672,.080228902,.063328683
Badi Kedar Gaunpalika,.053571429,.97321427,.54040277,.81262314,,.23413621,.094997942,.092925154
Jorayal Gaunpalika,.093220338,.97740114,.49886566,.77313107,,.25928172,.10712937,.10068303
Panchdebal Binayak Municipality,.053349875,.94540942,.48982027,.88142073,,.1915587,.14454591,.13137957
Ramaroshan Gaunpalika,.027814569,.7496689,.41880649,.82071859,,.14268361,.076813005,.063192941
Mellekh Gaunpalika,.032258064,.98387098,.31325862,.62137496,,.12403931,.11847647,.090315856
Sanphebagar Municipality,.16268487,.96587032,.42287958,.78064376,,.25336242,.20300521,.18483528
Chaurpati Gaunpalika,.029216468,.94422311,.40394092,.80144137,,.13378111,.10459922,.092120767
Mangalsen Municipality,.11710677,.92766935,.43046293,.8293103,,.2569181,.18818967,.17490447
Bannigadhi Jayagadh Gaunpalika,.04109589,.98630136,.39256886,.77237093,,.14792071,.092220664,.074883699
Kamal bazar Municipality,.030136986,.90547943,.40568888,.81137776,,.15941872,.08274211,.074591294
Dhakari Gaunpalika,.039716311,.89219856,.44853568,.86931944,,.15863799,.13332008,.13126007
Turmakhand Gaunpalika,.040455122,.93426043,.45372087,.86400765,,.18641928,.1440748,.13994358
Mohanyal Gaunpalika,.016925247,.93653035,.64930439,.88548678,,.24025688,.10694923,.10510856
Chure Gaunpalika,.044349071,.93848354,.5660283,.87207448,,.23165816,.10722287,.11058884
Godawari Municipality,.46002316,.99420625,.58913231,.80146128,,.29823411,.38610524,.38090244
Gauriganga Municipality,.25641027,.99120879,.65050346,.83724427,,.23474945,.24166524,.2481091
Ghodaghodi Municipality,.27882206,.99561405,.6185779,.87608057,,.25270143,.25614005,.25772923
Bardagoriya Gaunpalika,.43127489,.99203187,.66947168,.84847587,,.24806577,.3368091,.34446251
Lamki Chuha Municipality,.5612064,.99053812,.63255072,.82910717,,.26597953,.44526541,.44637385
Janaki Gaunpalika,.52491695,.99750829,.56254452,.80514419,,.18715142,.40930468,.41189012
Joshipur Gaunpalika,.58787876,.99494952,.34725279,.59405273,,.14078949,.44245869,.43160576
Tikapur Municipality,.57609332,.99241984,.66005033,.84064561,,.33530906,.46418861,.4594399
Bhajani Municipality,.32719666,.98493725,.55539703,.73307347,,.21978348,.29885131,.29778117
Kailari Gaunpalika,.36686903,.99566346,.2522639,.44469482,,.1162886,.34107211,.33007777
Dhangadhi Sub-Metropolitan City,.67950213,.99105406,.62512159,.83153039,,.49157041,.59353811,.58921689
Krishnapur Municipality,.30195257,.98744768,.61756635,.86783695,,.2411972,.25531703,.26225755
Shuklaphanta Municipality,.41185769,.98972332,.55963719,.82153261,,.22878069,.31875452,.32450381
Bedkot Municipality,.46100387,.99227798,.55167794,.76393539,,.24399252,.39318117,.39599526
Bhimdatta Municipality,.73350126,.99093199,.4669342,.67578846,,.34499583,.61590004,.61652517
Dodhara Chandani Municipality,.46229804,.97576302,.58259749,.85886115,,.2105628,.38630855,.4002831
Laljhadi Gaunpalika,.08010681,.9626168,.35187596,.63412684,,.14497371,.11914708,.11678527
Punarbas Municipality,.4675037,.99409157,.72344106,.7506336,,.26320183,.3789604,.39208946
Belouri Municipality,.49135801,.99506176,.51783127,.8384065,,.23131913,.39089796,.38897049
Beldandi Gaunpalika,.36608344,.98788697,.58827525,.85969138,,.20995077,.31473812,.32343578
